{"return_mean": 0.8037159366410086, "return_std": 0.34630427163369065, "ep_length_mean": 28.956772334293948, "epsilon": 0.05, "test_return_mean": 0.4061666666666666, "test_return_std": 0.43829600019490034, "test_ep_length_mean": 39.05, "_timestamp": 1723750650.3325174, "_runtime": 9221.538135290146, "_step": 2046049, "loss": 1.9045377969741821, "grad_norm": 15.351308822631836, "td_error_abs": 0.570866943359375, "q_taken_mean": 5.6585693359375, "target_mean": 5.7398115234375, "episode": 46045, "_wandb": {"runtime": 9221}}